<!DOCTYPE suite SYSTEM "http://testng.org/testng-1.0.dtd" >
<suite name="Suite1" verbose="1" parallel="tests">
  <listeners>
    <listener class-name="listeners.SuiteListener" />
  </listeners>
  
    <test name="Mock Test 2" >
	  	<parameter name="browser" value="ie"/>
	    <classes>
	       <class name="tests.MockTest" />
	    </classes>
  	</test>
  	
  	 <test name="Mock Test 3" >
	  	<parameter name="browser" value="ie"/>
	    <classes>
	       <class name="tests.AnujTest" />
	    </classes>
  	</test>
  
</suite>
