<?xml version="1.0" encoding="UTF-8"?>
<extentreports>
	<configuration>
		<!-- report theme -->
		<!-- standard, dark -->
		<theme>standard</theme>

		<!-- document encoding -->
		<!-- defaults to UTF-8 -->
		<encoding>UTF-8</encoding>

		<!-- protocol for script and stylesheets -->
		<!-- defaults to https -->
		<protocol>https</protocol>

		<!-- title of the document -->
		<documentTitle>GetGo Automation Report</documentTitle>

		<!-- report name - displayed at top-nav -->
		<reportName></reportName>

		<!-- report headline - displayed at top-nav, after reportHeadline -->
		<reportHeadline>GetGo Peso+ Automation Report_Web_Chrome Browser
		</reportHeadline>

		<!-- global date format override -->
		<!-- defaults to yyyy-MM-dd -->
		<dateFormat>yyyy-MM-dd</dateFormat>

		<!-- global time format override -->
		<!-- defaults to HH:mm:ss -->
		<timeFormat>HH:mm:ss</timeFormat>
		<enableStart>false</enableStart>
		<!-- custom javascript -->
		<scripts>
      <![CDATA[
       $(document).ready(function()
		    {
		$('.logo-container').css('display','none');
		$('.report-name').css('padding-left','1px');
		});
		
      ]]>
		</scripts>


		<!-- custom styles -->
		<styles>
      <![CDATA[
        
      ]]>
		</styles>
	</configuration>
</extentreports>