<?xml version="1.0" encoding="UTF-8"?>
<!DOCTYPE suite SYSTEM "http://testng.org/testng-1.0.dtd">
<suite name="Suite" parallel="none">
	
	<test name="ChromeTest">
	<parameter name="runName" value="chrome" />
		<classes>
			<class name="SeleniumPackage.DriverTestNG_Chrome">
			<methods>
				<include name="mainrun" />
			</methods>
			</class>
		</classes>
	</test>

	
	<test name="FirefoxTest">
	<parameter name="runName" value="Firefox" />
		<classes>
            <class name="SeleniumPackage.DriverTestNG_Chrome">
            <methods>
                <include name="mainrun1" />
            </methods>
            </class>
        </classes>
	</test>

</suite> <!-- Suite -->
